<?xml version="1.0" encoding="UTF-8"?>
<beans xmlns="http://www.springframework.org/schema/beans"
	xmlns:xsi="http://www.w3.org/2001/XMLSchema-instance" xmlns:mvc="http://www.springframework.org/schema/mvc"
	xmlns:aop="http://www.springframework.org/schema/aop" xmlns:context="http://www.springframework.org/schema/context"
	xsi:schemaLocation="http://www.springframework.org/schema/beans http://www.springframework.org/schema/beans/spring-beans-3.0.xsd
		http://www.springframework.org/schema/mvc http://www.springframework.org/schema/mvc/spring-mvc-3.0.xsd	
		http://www.springframework.org/schema/aop http://www.springframework.org/schema/aop/spring-aop-3.0.xsd 
		http://www.springframework.org/schema/context http://www.springframework.org/schema/context/spring-context-3.0.xsd">


	<mvc:annotation-driven />

	<!-- 扫描所有的controller 但是不扫描service -->
	<context:component-scan base-package="com">
		<context:include-filter type="annotation" expression="org.springframework.stereotype.Controller" />
		<context:exclude-filter type="annotation" expression="org.springframework.stereotype.Service" />
	</context:component-scan>

	<!-- <mvc:interceptors>
		<mvc:interceptor>
			我的订单
			<mvc:mapping path="/wxorder/**" />
			购物车
			<mvc:mapping path="/cart/toShopCart" />
			<mvc:mapping path="/product/addShopCart" />
			<mvc:mapping path="/cart/addCartCollecion" />
			<mvc:mapping path="/cart/deleteBatchShopCart" />

			我的
			<mvc:mapping path="/wxJump/toIndex" />
			<mvc:mapping path="/wxJump/toMy" />
			<mvc:mapping path="/wxJump/toAuthentication" />
			<mvc:mapping path="/wxJump/toMyInvitationCode" />

			<mvc:mapping path="/myCredit/toCreditInfo" />
			<mvc:mapping path="/myCoupon/queryCouponList" />
			<bean class="com.suyin.system.interceptor.VerificationHandlerInterceptor" />
		</mvc:interceptor>
		<bean class="com.sfj.framework.interceptor.ActionLogInterceptor"/>
	</mvc:interceptors> -->


	<!-- springMVC静态资源不拦截 -->
	<!-- <mvc:resources mapping="/resources/**" location="/WEB-INF/resources/" />
	<mvc:resources mapping="/outImages/**" location="/outImages/" /> -->

	<bean
		class="org.springframework.web.servlet.view.ContentNegotiatingViewResolver">
		<property name="mediaTypes">
			<map>
				<entry key="atom" value="application/atom+xml" />
				<entry key="json" value="application/json" />
				<entry key="html" value="text/html" />
			</map>
		</property>
		<property name="viewResolvers">
			<list>
				<bean class="org.springframework.web.servlet.view.BeanNameViewResolver" />
				<bean
					class="org.springframework.web.servlet.view.InternalResourceViewResolver">
					<property name="prefix" value="/WEB-INF/views/" />
					<property name="suffix" value=".jsp" />
				</bean>
			</list>
		</property>
	</bean>


	<!-- <bean id="exceptionResolver" class="com.suyin.system.controller.ExceptionController"></bean> -->
	<!-- springMVC文件上传 -->
	<!-- <bean id="multipartResolver"
		class="org.springframework.web.multipart.commons.CommonsMultipartResolver">
		指定所上传文件的总大小不能超过200KB。注意maxUploadSize属性的限制不是针对单个文件，而是所有文件的容量之和
		<property name="maxUploadSize" value="20000000" />
	</bean> -->

	<!-- 任务类 <bean id="coupon" class="com.suyin.system.timer.CouponTimer" /> -->


	<!-- 定时器 <bean id="couponTimer" class="org.springframework.scheduling.quartz.MethodInvokingJobDetailFactoryBean"> 
		<property name="targetObject"> <ref bean="coupon" /> </property> <property 
		name="targetMethod" value="runCoupon" /> <property name="concurrent" value="false" 
		/> </bean> -->


	<!-- 触发器 <bean id="cronTrigger" class="org.springframework.scheduling.quartz.CronTriggerFactoryBean"> 
		<property name="jobDetail" ref="couponTimer" /> <property name="cronExpression" 
		value="0 0 0 * * ?" /> </bean> -->


	<!-- 总调度 <bean class="org.springframework.scheduling.quartz.SchedulerFactoryBean"> 
		<property name="triggers"> <list> <ref bean="cronTrigger" /> </list> </property> 
		</bean> -->
</beans>
